word,clue,length
ОЛЕГ,"Князь, що заснував державу з центром у Києві",4
ІГОР,"Син Рюрика, князь, убитий деревлянами",4
ОЛЬГА,"Перша князівна-християнка, помстилася за чоловіка",5
СВЯТОСЛАВ,"Князь-воїн, що казав ворогам іду на ви",9
ВОЛОДИМИР,"Князь, що хрестив Русь у 988 році",9
ЯРОСЛАВ,"Князь на прізвисько Мудрий, будівничий Софії",7
ІЗЯСЛАВ,Один із синів Ярослава Мудрого на престолі,7
МСТИСЛАВ,"Князь, суперник Ярослава за владу над Руссю",8
ДАНИЛО,Король Галицько-Волинського князівства,6
РЮРИК,Легендарний засновник князівської династії,5
АСКОЛЬД,Один із перших відомих київських князів,7
КИЙ,Легендарний засновник Києва,3
НЕСТОР,"Чернець-літописець, автор Повісті временних літ",6
ІЛАРІОН,"Перший митрополит-русин, автор Слова про закон",7
КОЗАК,Вільний воїн-степовик доби Гетьманщини,5
ГЕТЬМАН,Виборний очільник козацького війська,7
СІЧ,Укріплений табір запорізьких козаків,3
ЗАПОРІЖЖЯ,"Земля за порогами, де жили козаки",9
СТАРШИНА,Козацька військова і адміністративна еліта,8
РЕЄСТР,"Список козаків, узятих на державну службу",6
БОГДАН,"Гетьман, що уклав союз із Москвою 1654 року",6
МАЗЕПА,"Гетьман, що уклав союз зі шведським королем",6
ДОРОШЕНКО,Гетьман Правобережної України часів Руїни,9
ВИГОВСЬКИЙ,"Гетьман, автор Гадяцького договору",10
ПОЛУБОТОК,"Наказний гетьман, ув'язнений у Петропавлівській фортеці",9
САГАЙДАЧНИЙ,"Гетьман, що ходив у морські походи на чайках",11
ОРЛИК,"Гетьман-емігрант, автор першої конституції",5
РУЇНА,Період занепаду й розколу Гетьманщини,5
ЧАЙКА,Легкий козацький морський човен,5
БУЛАВА,Символ гетьманської влади,6
ПЕРНАЧ,Символ влади козацького полковника,6
ХОРУГВА,Козацький військовий прапор,7
ПОЛК,Військово-територіальна одиниця Гетьманщини,4
СОТНЯ,Менша військова одиниця в складі козацького полку,5
ПАНЩИНА,Примусова праця селян на пана,7
ПЕРЕЯСЛАВ,"Місто, де 1654 року відбулася історична рада",9
УНІВЕРСАЛ,Урядовий указ часів Гетьманщини та УНР,9
КОНСТИТУЦІЯ,"Основний закон, який Пилип Орлик уклав 1710 року",11
ГРАМОТА,Офіційний писемний документ давніх часів,7
ДОГОВІР,Письмова угода між державами чи правителями,7
ЛІТОПИС,Історичний твір із записами подій за роками,7
ПЕТЛЮРА,Голова Директорії УНР,7
ВИННИЧЕНКО,"Перший голова Директорії, письменник",10
ГРУШЕВСЬКИЙ,"Перший президент Центральної Ради, історик",11
ДИРЕКТОРІЯ,Уряд УНР після Гетьманату Скоропадського,10
РАДА,Центральний орган влади УНР у 1917-1918 роках,4
ЗЛУКА,Об'єднання УНР і ЗУНР в один акт 1919 року,5
КРУТИ,Місце бою студентів проти більшовиків 1918 року,5
ГОЛОДОМОР,Трагедія українського села на початку тридцятих років,9
РЕПРЕСІЇ,Масові переслідування за радянської влади,8
ГУЛАГ,Система радянських таборів примусової праці,5
ДИСИДЕНТ,"Той, хто відкрито не погоджувався з режимом",8
ЧОРНОБИЛЬ,Місце ядерної аварії 1986 року,9
ПЕРЕБУДОВА,Політика реформ в СРСР кінця 1980-х,10
СУВЕРЕНІТЕТ,Незалежність держави у прийнятті власних рішень,11
РЕФЕРЕНДУМ,Всенародне голосування щодо важливого питання,10
МАЙДАН,"Центральна площа Києва, символ протестів",6
РЕВОЛЮЦІЯ,Різка й докорінна зміна суспільного ладу,9
ГІДНІСТЬ,"Цінність, за яку боролися на Майдані 2014 року",8
НЕБЕСНА,"Означення сотні, що загинула на Майдані 2014 року",7
АТО,Скорочена назва воєнної операції на Донбасі,3
ОБОРОНА,Захист країни від збройного нападу,7
ІМПЕРІЯ,Велика держава з підкореними народами,7
ІМПЕРАТОР,"Монарший титул, вищий за короля",9
ЦАР,Титул монарха в Московській державі,3
ПОЛЬЩА,"Сусідня держава, що довго володіла Правобережжям",6
ЛИТВА,"Велике князівство, що приєднало руські землі",5
АВСТРІЯ,"Імперія, що володіла Галичиною і Буковиною",7
ТАТАРИ,"Кочовий народ, що здійснював набіги на Русь",6
МОНГОЛИ,"Кочові завойовники, що зруйнували Київ 1240 року",7
ПОЛОВЦІ,Кочовий народ-суперник Русі у степах,7
ПЕЧЕНІГИ,"Кочовий народ, що облягав Київ за Володимира",8
ОРДА,"Кочове військо, що встановило іго над Руссю",4
ХАН,Титул монгольського чи татарського правителя,3
ВІЗАНТІЯ,"Імперія, звідки Русь прийняла християнство",8
ЕПОХА,Тривалий період в історії з певними ознаками,5
СТОЛІТТЯ,Період у сто років,8
ДИНАСТІЯ,Ряд правителів з одного роду,8
ПРЕСТОЛ,"Трон, місце правителя",7
ТРОН,Крісло монарха як символ влади,4
ВІЙНА,Збройний конфлікт між державами чи народами,5
БИТВА,Велике збройне зіткнення військ,5
ПОВСТАННЯ,Збройний виступ проти влади,9
ЗАКОН,"Обов'язкове для виконання правило, ухвалене владою",5
ВІЧЕ,Народні збори в давній Русі,4
БОЯРИН,Представник вищої знаті в давній Русі,6
ДРУЖИНА,Військовий загін при князеві,7
КНЯЗЬ,Правитель удільної землі за часів Русі,5
КНЯГИНЯ,Дружина або правителька-жінка князівства,7
ЦЕРКВА,Релігійна споруда або організація віруючих,6
МОНАСТИР,Обитель ченців або черниць,8
СОБОР,Головний храм міста чи єпархії,5
ХРЕЩЕННЯ,Обряд навернення Русі у християнство 988 року,8
МИТРОПОЛИТ,Найвищий духовний сан у православній церкві Русі,10
ЛАВРА,"Найголовніший, найбільший монастир",5
ІКОНА,Священне зображення в православній традиції,5
ФРЕСКА,"Настінний розпис, як у Софійському соборі",6
МОЗАЇКА,"Зображення, викладене з кольорових шматочків",7
АРХІВ,Місце зберігання давніх документів,5
МУЗЕЙ,"Заклад, що зберігає й показує історичні пам'ятки",5
ПАМЯТКА,Об'єкт культурної чи історичної цінності,7
РОЗКОПКИ,Археологічні роботи для пошуку старожитностей,8
КУРГАН,Стародавній насипний могильний горб,6
ГОРОДИЩЕ,Залишки укріпленого поселення давніх часів,8
СКАРБ,Заховані коштовності чи стародавні цінності,5
МОНЕТА,Металевий грошовий знак,6
ГРИВНЯ,"Стародавня грошова та вагова одиниця, нині валюта",6
ТРИЗУБ,Державний герб України,6
ПРАПОР,"Синьо-жовте полотнище, державний символ",6
ГІМН,Урочиста пісня-символ держави,4
ГЕРБ,Символічний знак держави чи роду,4
КОБЗАР,Мандрівний співець-музикант або назва книги Шевченка,6
БАНДУРА,Багатострунний народний музичний інструмент,7
КОБЗА,"Давній щипковий інструмент, попередник бандури",5
ВИШИВАНКА,Традиційна сорочка з орнаментом,9
ПИСАНКА,"Великоднє яйце з візерунком, не крашанка",7
ОБЕРІГ,"Річ, що за повір'ям захищає від лиха",6
ТРИДЕНТ,Латинська назва українського герба,7
ЖУПАН,Верхній одяг козацької старшини,5
ШАРОВАРИ,Широкі козацькі штани,8
ОСЕЛЕДЕЦЬ,Пасмо волосся на голеній голові козака,9
КУНТУШ,Верхній розпашний одяг знаті й старшини,6
ШЕВЧЕНКО,"Поет-пророк, автор Кобзаря",8
ФРАНКО,"Письменник і вчений, каменяр за прізвиськом",6
ЛЕСЯ,"Поетеса, авторка Лісової пісні, за іменем",4
СКОВОРОДА,Мандрівний філософ і поет вісімнадцятого століття,9
ДРАГОМАНОВ,Публіцист і громадський діяч ХІХ століття,10
КОСТОМАРОВ,"Історик, дослідник козаччини і автор Книги буття",10
АНТОНОВИЧ,"Історик, засновник наукової школи в Києві",9
ЯВОРНИЦЬКИЙ,"Історик, головний дослідник запорізького козацтва",11
БАТУРИН,"Столиця Гетьманщини, зруйнована Меншиковим",7
ЧИГИРИН,Столиця Гетьманщини за часів Хмельницького,7
ХОРТИЦЯ,"Острів, де постала перша Запорізька Січ",7
ПОЛТАВА,"Місто, під яким шведський король Карл зазнав поразки 1709 року",7
КОНОТОП,Місце перемоги Виговського над московським військом,7
БЕРЕСТЕЧКО,Місце тяжкої поразки Хмельницького 1651 року,10
ГАДЯЧ,"Місто, де уклали договір про Велике князівство Руське",5
АНДРУСІВ,"Місце перемир'я, що розділило Україну по Дніпру",8
ВОЛЯ,"Головна цінність, за яку боролися козаки",4
СВОБОДА,Стан незалежності від чужої влади,7
НАРОД,"Спільнота людей, об'єднана мовою й культурою",5
МОВА,Головна ознака національної ідентичності,4
ДЕРЖАВА,Політично організована спільнота з власною владою,7
КОРДОН,"Лінія, що розділяє території держав",6
СТОЛИЦЯ,Головне місто держави,7
ПРЕЗИДЕНТ,Виборний глава сучасної держави,9
ПАРЛАМЕНТ,Законодавчий орган влади,9
ВИБОРИ,Процедура обрання влади народом,6
АРМІЯ,Збройні сили держави,5
ПОЛКОВОДЕЦЬ,Досвідчений керівник війська,11
ГЕРОЙ,"Людина, що здійснила визначний подвиг",5
ПАМЯТНИК,Споруда на честь визначної події чи особи,8
ЕКСПОНАТ,"Предмет, виставлений у музеї для огляду",8
ДОКУМЕНТ,"Офіційний папір, що засвідчує факти",8
ПЕЧАТКА,"Знак, яким скріплювали офіційні документи",7
ПОСОЛ,Дипломатичний представник держави,5
ДИПЛОМАТ,Фахівець із міждержавних відносин,8
СОЮЗ,Об'єднання держав чи політичних сил,4
АНЕКСІЯ,Насильницьке приєднання чужої території,7
ОКУПАЦІЯ,Захоплення чужої території збройною силою,8
ІНТЕРВЕНЦІЯ,Втручання однієї держави у справи іншої,11
ЗБРОЯ,Знаряддя для ведення війни,5
ФОРТЕЦЯ,Укріплена споруда для оборони,7
ВАЛ,Земляна насипна укріплена споруда,3
ОБЛОГА,Тривале військове оточення міста чи фортеці,6
ПОЛОН,"Стан бранця, захопленого ворогом",5
БРАНЕЦЬ,"Людина, взята в полон",7
ЗАСЛАННЯ,Примусове віддалене поселення як покарання,8
ЕМІГРАЦІЯ,Виїзд з батьківщини в іншу країну,9
ДІАСПОРА,"Спільнота вихідців з країни, що живе за кордоном",8
ЯРОСЛАВНА,"Героїня давнього твору, що плаче на валу в Путивлі",9
СЛОВО,Найдавніша пам'ятка літератури Русі про похід Ігоря,5
БЕРЕСТЯ,"Матеріал, на якому писали в давньому Новгороді й Русі",7
ПОРУБ,Давньоруська підземна в'язниця,5
ВОТЧИНА,Спадкове володіння землею в давній Русі,7
ПОЛЮДДЯ,Об'їзд князем підвладних земель для збору данини,7
ДАНИНА,"Податок, який платили підкорені племена князю",6
ВІРА,Штраф за вбивство вільної людини за Руською правдою,4
ПРАВДА,"Найдавніший писаний збірник законів Русі, за назвою",6
ЗАПОВІТ,"Вірш Шевченка, що став народною клятвою",7
МОЛОДА,"Прикметник до Січі, заснованої за Дунаєм пізніше",6
ЗАДУНАЙСЬКА,"Січ, заснована козаками після зруйнування головної",11
НОВОРОСІЯ,Імперська назва частини південних українських земель,9
СЛОБОДА,Поселення вільних переселенців з особливими пільгами,7
ПОЛОНЯНКА,"Жінка, яку захопили в неволю татари чи турки",9
ЯНИЧАР,"Християнський хлопчик, навернений в турецьке військо",6
ВІДКУП,Право збирати податки за платню державі,6
МАНІФЕСТ,Урочисте письмове звернення влади до народу,8
ЦЕНЗУРА,Контроль влади над друкованим словом,7
ЗАБОРОНА,"Указ, що обмежував друк українською мовою",8
ГРОМАДА,Об'єднання національно свідомої інтелігенції ХІХ століття,7
ПРОСВІТА,"Товариство, що поширювало освіту серед народу",8
СІЧОВИК,Вояк стрілецького легіону початку минулого століття,7
СТРІЛЕЦЬ,"Вояк легіону, що воював за українську державність",8
ЛЕГІОН,Військове формування українських січових стрільців,6
СОБОРНІСТЬ,Ідея єдності всіх українських земель в одній державі,10
ЕТНОС,Історично сформована спільнота людей з єдиною культурою,5
НАЦІЯ,Історична спільнота людей з єдиною територією й мовою,5
ПАТРІОТ,"Людина, віддана своїй батьківщині",7
ВИЗВОЛЕННЯ,Звільнення від чужої влади чи окупації,10
